code,seats,case_countFL,3797,35TX,1472,13NY,1114,7CA,611,13DC,314,3NJ,283,1GA,259,7IL,207,3NC,120,6NV,96,0PR,82,0MA,77,0PA,77,6MI,73,1CO,66,2MT,65,1OH,46,6MD,45,3MN,42,1AZ,35,1LA,30,2MO,26,1WA,25,2TN,18,1SC,17,0HI,12,0OK,12,2UT,12,1CT,10,0AL,9,4OR,8,2IN,7,1RI,6,0WI,6,0KY,5,1VA,5,0VI,5,0NM,4,0AR,2,0IA,2,3ID,2,0KS,2,1ME,2,1NE,2,2VT,2,0AK,1,0MS,1,0ND,1,0SD,1,0WV,1,1WY,1,0DE,0,1NH,0,1